id,name,link,price,city,date,seller_name
4346971,2024 kiadás 18 nagyméretű WQXGA Acer Predator Helios Neo 18 I9-14900HX 32GB 2TB 4070 3 év garancia,https://hardverapro.hu/apro/dell_1908_fpt_19_lcd_monitor/hsz_1-50.html,750 000 Ft,"Budapest, ...", 2019-07-05 11:45,ELITRO
4940496,"Új és használt laptopok , üzletitől a gamerig , kedvező áron. Garanciával !",https://hardverapro.hu/apro/uj_es_hasznalt_laptopok_uzletitol_a_gamerig_legjob_2/hsz_1-50.html,129 900 Ft,Budapest, 2021-01-06 15:40,donpadre
5557612,Laptop BAZÁR /Viszonteladóknak is / DELL 5490 I5 8.GEN / 8GB / 256 /Touch Akcióban 60k...,https://hardverapro.hu/apro/hp_zbook_17_g3_akcio/hsz_1-50.html,99 999 Ft,Adony, 2022-04-26 11:45,laptopok2016
4191642,"DOKKOLÓ BAZÁR! Lenovo, HP, DELL és egyéb más dokkolók",https://hardverapro.hu/apro/bluesummers_bazarja_2/hsz_1-50.html,36 900 Ft,"Budapest, ...", 2019-02-09 21:56,Bluesummers
4652395,Új Laptopok Akár Féláron !!! -50% -40% -30% Black Everyday Lenovo HP DELL ACER ASUS Ultrabook Gamer,https://hardverapro.hu/apro/black_everyday_lenovo_hp_dell_acer_asus_laptopok_f_2/hsz_1-50.html,99 990 Ft,"Budapest, ...", 2020-04-23 00:45,ZoltánZoltán
4088515,"Szinte új üzleti, gamer és multimédiás laptopok, garanciával, kedvező áron, üzletből: Westnotebook",https://hardverapro.hu/apro/szinte_uj_es_0_perces_laptopok_garanciaval_kedvezo/hsz_1-50.html,99 900 Ft,VI. kerület, 2018-11-16 10:52,cosman
2882847,"HP notebookok, laptopok, ALL-IN-ONE PC-k - ÚJ GÉPEK - gyári garanciával, kedvező árakon",https://hardverapro.hu/apro/hp_es_lenovo_uj_notebookok_valamint_hasznalt_uzleti_gepek_/hsz_1-50.html,9 999 Ft,Budapest, 2015-08-02 10:06,SeniorTilla
6523695,MINŐSÉGI ÜZLETI LAPTOPOK 6-12.GEN. TESZTELVE GARANCIÁVAL,https://hardverapro.hu/apro/minosegi_uzleti_laptopok_6-12_gen_tesztelve_garanc/hsz_1-50.html,40 000 Ft,Budapest, 2024-04-18 16:01,kapu 2
6468917,"ÓRIÁSI ÚJ LENOVO LAPTOP AKCIÓ A GAMER ELLÁTÓNÁL! JÓTÁLLÁS, SZÁMLA, UTÁNVÉT!",https://hardverapro.hu/apro/msi_radeon_rx_6750_xt_mech_2x_12g_oc_a_gamer_ellat/hsz_1-50.html,129 990 Ft,Székesfehérvár, 2024-03-07 11:47,Plaza
5187912,"HP - ÚJ - notebookok, laptopok, ALL-IN-ONE PC-k gyári garanciával, kedvező árakon",https://hardverapro.hu/apro/hp_uj_notebookok_all-in-one_pc-k_folyamatosan_valt/hsz_1-50.html,9 999 Ft,Budapest, 2021-07-13 08:23,SeniorTilla
5669851,AKCIÓK Dell Latitude i5 1-2-3-4-5-6-7-8 gen. üzleti kategóriás notebookok számlával frissítve: 05.16,https://hardverapro.hu/apro/dell_latitude_i5_1-2-3-4-5-6_gen_uzleti_kategorias/hsz_1-50.html,45 000 Ft,Pécs, 2022-08-01 10:38,coulthard
5407957,Update 05.21. Bomba árak 2024-ben is! Üzleti - Consumer laptopok DELL FUJITSU HP LENOVO,https://hardverapro.hu/apro/a_legjobb_arak_2022-ben_is_uzleti_es_consumer_lapt/hsz_1-50.html,12 990 Ft,XIX. kerület, 2022-01-05 23:17,ibmfan
5479046,"HP GAMER notebookok, laptopok - ÚJ GÉPEK - Omen, Pavilion Gaming, Victus - számla, gyári garancia",https://hardverapro.hu/apro/akcio_hp_gamer_notebookok_uj_gepek_omen_pavilion_g/hsz_1-50.html,269 900 Ft,Budapest, 2022-02-23 12:38,SeniorTilla
6482212,LENOVO X280 CORE I5 8350U HUN BILL FHD LAPTOP! 512GB NVME SSD 8GB DDR4 CAM BT WIN11 1ÉV GAR!,https://hardverapro.hu/apro/dell_7060_micro_8gen_core_i5_8500t_win11_szamitoge/hsz_1-50.html,59 900 Ft,"Debrecen, ...", 2024-03-17 09:52,PC-Laptop
6379406,Dell PR03X laptop dokkoló hibátlan állapotban,https://hardverapro.hu/apro/dell_pr03x_laptop_dokkolo_hibatlan_allapotban/hsz_1-50.html,1 999 Ft,XII. kerület, 2024-01-06 18:11,Kalandor
6299060,"!!Bontatlan, díszdobozos Dell Precision 7770 17.3"" i7-12850HX 16 mag/Quadro RTX A3000 12GB/tervező",https://hardverapro.hu/apro/bontatlan_diszdobozos_dell_precision_7770_intel_ex/hsz_1-50.html,749 999 Ft,II. kerület, 2023-11-11 04:57,RaiNBacsi
6521940,"ÚJSZERŰ és 1 év a gari!! HP Elitebook 850 G7, i7-10610U, 32GB/512GB SSD, FHD/IPS, HUN bill!",https://hardverapro.hu/apro/en_vinnem_a_helyetekben_hp_probook_640_g2_i5-6200u/hsz_1-50.html,179 900 Ft,Solt, 2024-04-17 12:42,"""VAN MINDEN"""
6562265,Használt Acer Aspire F5-573G laptop eladó,https://hardverapro.hu/apro/hasznalt_acer_aspire_f5-573g_laptop_elado/hsz_1-50.html,95 000 Ft,"Budapest, ...", 2024-05-20 15:06,grimmychance
6559236,"4 hónapos Bivalyerős profi tervező laptop. Zenbook Pro 16X Oled (i9, 32GB, 1TB, RTX, Asus Diallel)",https://hardverapro.hu/apro/bivalyeros_profi_tervezo_laptop_zenbook_pro_16x_ol/hsz_1-50.html,495 000 Ft,XIII. kerület, 2024-05-17 20:07,matt19871
6541666,"ÚJSZERŰ, AKCIÓSAN! HP Elitebook 820 G3, i5-6200/6300, 8GB/256GB SSD, HD/FHD/IPS, garancia!",https://hardverapro.hu/apro/ujszeru_akciosan_hp_elitebook_820_g3_i5-6200_6300/hsz_1-50.html,29 900 Ft,Solt, 2024-05-03 09:58,"""VAN MINDEN"""
6541597,"15 db/SZÉP ÁLLAPOT! HP Elitebook 2570p, i5-3340M, 8 GB RAM, jó akkumulátor, garancia!",https://hardverapro.hu/apro/szep_allapot_hp_elitebook_2570p_i5-3340m_8_gb_ram/hsz_1-50.html,19 900 Ft,Solt, 2024-05-03 08:54,"""VAN MINDEN"""
6544835,"Apple Macbook Pro 16"" 2019 i7-9th Tervező 32/512 -75% Touch Bar HUN Radeon Pro 5300M 4GB 3K Retina",https://hardverapro.hu/apro/apple_macbook_pro_16_2019_i7-9th_32_512_radeon_pro/hsz_1-50.html,359 990 Ft,"Budapest, ...", 2024-05-05 22:33,ZoltánZoltán
6560339,"ÚJ GIGABYTE G5 Gamer Tervező Laptop -30% 15.6"" i5-12500H 16GB/512GB SSD 144Hz FHD RTX 3050 4GB FHD",https://hardverapro.hu/apro/uj_gigabyte_g5_gamer_tervezo_laptop_25_15_6_i5-125_2/hsz_1-50.html,264 990 Ft,"Budapest, ...", 2024-05-18 20:38,ZoltánZoltán
6470787,"Új, dobozos Dell Precision 3470 (2023) 14"" FHD Ultra MWS/12th i5 12mag/16-32GB/Iris+Nvidia/IR/HU gar",https://hardverapro.hu/apro/uj_dobozos_dell_precision_3470_14_fhd_ultra_mobile/hsz_1-50.html,349 999 Ft,II. kerület, 2024-03-08 20:42,RaiNBacsi
6547132,"Új Lenovo Ideapad 5 Pro ""Kis Gamer"" Laptop -35% 16"" RYZEN 5 6600HS 16/512 2,5K Radeon 2GB 120Hz",https://hardverapro.hu/apro/uj_lenovo_ideapad_5_pro_kis_gamer_laptop_35_16_ryz/hsz_1-50.html,259 990 Ft,"Budapest, ...", 2024-05-07 19:17,ZoltánZoltán
6132299,"Új és újszerű 15""-16"" Gamer, irodai, üzleti, készülékek kedvező áron Garanciával!",https://hardverapro.hu/apro/uj_gamer_es_irodai_15_16_keszulekek_hp_msi_lenovo/hsz_1-50.html,100 Ft,"Budapest, ...", 2023-07-03 14:00,LigetComp
6132338,"Új és újszerű 13""-14"" Gamer, érintős, ultrabook, üzleti készülékek kedvező áron Garanciával!",https://hardverapro.hu/apro/uj_ultrabook_keszulekek_13_14_razer_asus_yoga_2in1/hsz_1-50.html,100 Ft,"Budapest, ...", 2023-07-03 14:29,LigetComp
6132316,"Új és újszerű 17.3"" Gamer, irodai, üzleti készülékek kedvező áron Garanciával!",https://hardverapro.hu/apro/uj_gamer_notebook_17_3_keszulekek_msi_razer_lenovo/hsz_1-50.html,100 Ft,"Budapest, ...", 2023-07-03 14:13,LigetComp
6559753,"Asus Ryzen 7 6800H-16GB DDR5- 1TB SSD-17.3"" FHD 360Hz-RTX 3060 (130W) -2 év garancia !! ajándék hűtő",https://hardverapro.hu/apro/garancialis_dobozos_gamer_asus_rog_strix_g17_g713r/hsz_1-50.html,350 000 Ft,XIX. kerület, 2024-05-18 11:49,Cerberus570
6562211,"Ej-ha Lenovo Thinkpad X1 Carbon Profi Laptop 14"" -50% i7-8565U 4Mag 16GB/512GB FHD IPS",https://hardverapro.hu/apro/ej-ha_lenovo_thinkpad_x1_carbon_profi_laptop_14_50/hsz_1-50.html,199 990 Ft,"Budapest, ...", 2024-05-20 14:37,ZoltánZoltán
6559865,LENOVO ThinkPad X230 - i5-3320M - 16GB DDR3 - 512GB SSD,https://hardverapro.hu/apro/lenovo_thinkpad_x230_i5-3320m_16gb_ddr3_512gb_ssd/hsz_1-50.html,45 000 Ft,Pécs, 2024-05-18 13:35,bb696
6562023,"Új HP VICTUS Gamer Tervező Laptop 16,1"" -40% AMD Ryzen 5 5600H 16/512 RTX 3060 6GB FULLHD 144Hz!",https://hardverapro.hu/apro/uj_hp_victus_gamer_tervezo_laptop_16_1_40_amd_ryze_2/hsz_1-50.html,299 990 Ft,"Budapest, ...", 2024-05-20 12:53,ZoltánZoltán
6553538,"Lenovo Legion 5 Pro 16"",1600p 240Hz/Ryzen 7 7745HX/16GB DDR5/RTX 4060 8GB/ új, garis eladó",https://hardverapro.hu/apro/lenovo_legion_5_pro_2k_1600p_240hz_ryzen_7_7745hx/hsz_1-50.html,499 990 Ft,Budapest, 2024-05-13 09:39,BestBuy4U
6540835,Lenovo Legion 5 PRO / I5-12500H / RTX 3060 / WQXGA,https://hardverapro.hu/apro/lenovo_legion_5_pro_i5-12500h_rtx_3060_wqxga/hsz_1-50.html,350 000 Ft,Budapest, 2024-05-02 14:59,Yobi
6558374,"Dell Latitude 5511 15.6"" FHD IPS/10th i5-10400H/16GB D4/1TB/SR/HUE üzleti laptop",https://hardverapro.hu/apro/dell_latitude_5511_15_6_fhd_ips_16gb_1tb_uzleti_la/hsz_1-50.html,139 999 Ft,II. kerület, 2024-05-17 06:26,RaiNBacsi
6482003,"Szép HP EliteBook 840 G5 Laptop 14"" -70% i5-8350U 4Mag 8Gb 256GB SSD FHD IPS + Táska!",https://hardverapro.hu/apro/szep_hp_elitebook_840_g5_laptop_14_40_i5-8350u_4ma/hsz_1-50.html,89 990 Ft,"Budapest, ...", 2024-03-16 23:46,ZoltánZoltán
6486731,"Szép HP EliteBook 840 G5 Laptop 14"" -70% i5-8350U 4Mag 8Gb 512GB SSD FHD IPS + Táska!",https://hardverapro.hu/apro/szep_hp_elitebook_840_g5_laptop_14_70_i5-8350u_4ma/hsz_1-50.html,94 990 Ft,"Budapest, ...", 2024-03-20 11:43,ZoltánZoltán
6547150,"HP ProBook 650 G4 Strapabíró Laptop 15,6"" -35% Intel i3-8130U 8Gb 480GB SSD FHD LED MATT DVD!",https://hardverapro.hu/apro/hp_probook_650_g4_strapabiro_laptop_15_6_35_intel/hsz_1-50.html,99 990 Ft,"Budapest, ...", 2024-05-07 19:29,ZoltánZoltán
6550929,"Szép! HP EliteBook 840 G6 Fémházas Laptop 14"" -70% i5-8365U 4Mag 16GB 512GB SSD FHD IPS + Táska!",https://hardverapro.hu/apro/szep_hp_elitebook_840_g6_femhazas_laptop_14_70_i5_3/hsz_1-50.html,109 990 Ft,"Budapest, ...", 2024-05-10 23:12,ZoltánZoltán
6547226,"Új Dobozos HP Laptop 14s ""Kis Gamer"" Laptop -40% 14"" i5-1135G7 8GB 1TB SSD FHD IPS Intel Iris Xe",https://hardverapro.hu/apro/uj_dobozos_hp_laptop_14s_kis_gamer_laptop_40_14_i5_2/hsz_1-50.html,149 990 Ft,"Budapest, ...", 2024-05-07 20:26,ZoltánZoltán
6547109,"AKCIÓZVA! HP EliteBook 850 G7 Fémházas Szuper Strapabíró Laptop 15,6"" -65% i7-10610U 16/512 FHD HUN",https://hardverapro.hu/apro/akciozva_hp_elitebook_850_g7_femhazas_szuper_strap_2/hsz_1-50.html,179 990 Ft,"Dunaföldvár, ...", 2024-05-07 19:04,ZoltánZoltán
6547241,"10 Magos! Új Samsung Galaxy Book 2 ""Kis Gamer"" Laptop -50% 15,6"" i5-1235U 8/512 FHD IPS HDR",https://hardverapro.hu/apro/10_magos_uj_samsung_galaxy_book_2_kis_gamer_laptop/hsz_1-50.html,189 990 Ft,"Budapest, ...", 2024-05-07 20:37,ZoltánZoltán
6547159,"Új Dobozos Dell Latitude 3420 -50% ""Kis Gamer"" Notebook 14"" i5-1135G7 8GB 256GB FHD IPS IRIS Xe",https://hardverapro.hu/apro/uj_dobozos_dell_latitude_3420_50_kis_gamer_noteboo/hsz_1-50.html,189 990 Ft,"Békéscsaba, ...", 2024-05-07 19:42,ZoltánZoltán
6547079,"AKCIÓZVA! HP EliteBook 850 G7 Fémházas Szuper Strapabíró Laptop 15,6"" -65% i7-10610U 32/512 FHD HUN",https://hardverapro.hu/apro/akciozva_hp_elitebook_850_g7_femhazas_szuper_strap/hsz_1-50.html,189 990 Ft,"Budapest, ...", 2024-05-07 18:44,ZoltánZoltán
6554616,"Új LENOVO THINKBOOK 13s G3 ""Kis Gamer"" Ultrabook 13,3"" -40% Ryzen 5 5600U 8/512 WUXGA IPS RADEON 2GB",https://hardverapro.hu/apro/uj_lenovo_thinkbook_13s_g3_kis_gamer_ultrabook_13/hsz_1-50.html,199 990 Ft,"Budapest, ...", 2024-05-13 22:06,ZoltánZoltán
6555845,"Bomba! HP EliteBook 1040 G7 x360 Érintős Hajtogatós Ultrabook Tab 14"" -70% i7-10710U 16/256 FHD LTE",https://hardverapro.hu/apro/bomba_hp_elitebook_1040_g7_x360_erintos_hajtogatos_3/hsz_1-50.html,199 990 Ft,"Budapest, ...", 2024-05-14 23:05,ZoltánZoltán
6547545,"9. DARAB GAMER TERVEZŐ GÉP -20-50% NVIDIA 3050 , 3060 , 3070 , 3080 Ryzen 5-9 Intel i7- 11-12 Gen",https://hardverapro.hu/apro/1_darab_gamer_tervezo_gep_20-50_nvidia_3050_3060_3/hsz_1-50.html,199 990 Ft,"Budapest, ...", 2024-05-08 08:19,ZoltánZoltán
6549753,"Új Lenovo Ideapad Flex 5 x360 Érintős Hajtogatós Laptop Tab 15,6 -30% Bivaly AMD Ryzen 5 5500U 8/512",https://hardverapro.hu/apro/uj_lenovo_ideapad_flex_5_x360_erintos_hajtogatos_l_4/hsz_1-50.html,199 990 Ft,"Budapest, ...", 2024-05-09 21:57,ZoltánZoltán
6547170,"HONOR MagicBook 16 Gamer processoros Laptop -30% 16"" RYZEN 5 5600H 16/512 FHD IPS 144Hz!",https://hardverapro.hu/apro/honor_magicbook_16_gamer_processoros_laptop_30_16_2/hsz_1-50.html,219 990 Ft,"Budapest, ...", 2024-05-07 19:53,ZoltánZoltán
6514549,"Ej-ha Lenovo Thinkpad X13 G2 Üzleti ""Golyóálló"" Laptop 14"" -50% Bivaly i5-1145G7 4Mag 16/512 FHD+",https://hardverapro.hu/apro/ej-ha_lenovo_thinkpad_t14_g2_uzleti_golyoallo_lapt_2/hsz_1-50.html,219 990 Ft,"Budapest, ...", 2024-04-11 14:36,ZoltánZoltán
4009806,"Workstation és céges laptopok 500 db+os készlet az ország közepén,Solton! 10""-17-""ig ""Van Minden""",https://hardverapro.hu/apro/300_db_laptop_2_magtol_az_5_gen_i7-ig_10_1_17_3_ig/hsz_1-50.html,888 Ft,Solt, 2018-09-01 16:52,"""VAN MINDEN"""
6520449,"ÁRZUHANÁS! HP Probook 645 G4, Ryzen 3 Pro, 8GB/256GB, HDMI, Radeon, FHD/IPS, garancia!",https://hardverapro.hu/apro/arzuhanas_hp_probook_645_g4_ryzen_3_pro_8gb_256gb/hsz_1-50.html,44 900 Ft,Solt, 2024-04-16 11:44,"""VAN MINDEN"""
6520550,"SZÉP ÉS AKCIÓS IS? Dell Latitude 7390, i5-8350U, 16GB/512GB, HDMI, FHD/IPS, garancia!",https://hardverapro.hu/apro/szep_es_akcios_is_dell_latitude_7390_i5-8350u_16gb/hsz_1-50.html,69 900 Ft,Solt, 2024-04-16 13:11,"""VAN MINDEN"""
>>>>>>> 540b83e2f2913a785037c762f5ec2e89244187a1,,,,,,
6544574,HP Pavilion 15-eh3003nh,https://hardverapro.hu/apro/hp_pavilion_15-eh3003nh/hsz_1-50.html,160 000 Ft,Győr, 2024-05-05 18:05,Lajos.9393
6544544,Garanciális XPS 13 9300 1185g7-16Gb-1Tb-Windows Pro-Touchscreen,https://hardverapro.hu/apro/garancialis_xps_13_9300_1185g7-16gb-1tb-windows_pr/hsz_1-50.html,299 990 Ft,II. kerület, 2024-05-05 17:40,Buxus
6544452,Icybox USB C dokkolo 60W,https://hardverapro.hu/apro/icybox_usb_c_dokkolo_60w/hsz_1-50.html,35 000 Ft,Hajdúdorog, 2024-05-05 16:31,krisztian96
6544399,"Sony VAIO AW 18,4""",https://hardverapro.hu/apro/sony_vaio_aw_18_4_4/hsz_1-50.html,75 000 Ft,Siófok, 2024-05-05 15:29,sutomarci
6544341,Asus ADP-45W gyári laptop töltő,https://hardverapro.hu/apro/asus_adp-45_gyari_laptop_tolto/hsz_1-50.html,10 000 Ft,III. kerület, 2024-05-05 14:38,zamarton13
6544283,"HP 15-bs023nh 2HN49EA laptop Intel Dual-Core Celeron N3060, 2.48GHz-es processzorral, 15.6"" FULL HD",https://hardverapro.hu/apro/hp_15-bs023nh_2hn49ea_laptop_intel_dual-core_celer/hsz_1-50.html,75 000 Ft,Hatvan, 2024-05-05 14:01,raloz
6544276,"Dokkolóval! I5 5.gen, 8GB RAM, 256GB Nvme",https://hardverapro.hu/apro/dokkoloval_i5_5_gen_8gb_ram_256gb_nvme/hsz_1-50.html,34 000 Ft,"Eger, ...", 2024-05-05 13:48,Eagle113
6544270,"HP L51625-ös IPS panel, 4cm-es sérüléssel Zbook-hoz és más HP gépekhez",https://hardverapro.hu/apro/hp_l51625-os_ips_panel_4cm-es_serulessel_zbook-hoz/hsz_1-50.html,6 000 Ft,"III. kerület, ...", 2024-05-05 13:43,Milne
6544097,Dell Latitude E5470 - intel i7 - 16gb DDR4 RAM - 1TB SSD - 2GB Ati Radeon VGA,https://hardverapro.hu/apro/dell_lattude_e5470_intel_i7-6600u_16gb_ram_ddr4_1t/hsz_1-50.html,49 999 Ft,Kecskemét, 2024-05-05 11:32,totige
6529866,"HP Envy 17-cw0003nl - ÚJ 17,3"" FullHD notebook - Core i7-1355U, 32GB, 1TB SSD, RTX 3050",https://hardverapro.hu/apro/hp_envy_17-cw0003nl_uj_17_3_fullhd_notebook_core_i/hsz_1-50.html,499 900 Ft,Budapest, 2024-04-23 11:26,SeniorTilla
6543922,"DERE T30 PRO Win 11-es laptop/tablet 13 colos kijelzővel, 16GB RAM, 512GB SSD-vel",https://hardverapro.hu/apro/dere_t30_pro_win_11-es_laptop_tablet_13_colos_kije_2/hsz_1-50.html,100 000 Ft,Budapest, 2024-05-05 09:09,mokus84
6543761,HP 850 G3 i7-6600u üzleti laptop 8 GB DDR4 RAM 256 GB SSD 6 órás akkumulátor,https://hardverapro.hu/apro/hp_850_g3_i7-6600u_uzleti_laptop_8_gb_ddr4_ram_256/hsz_1-50.html,68 500 Ft,Székesfehérvár, 2024-05-04 22:56,cs.tibi
6543562,Lenovo 12 GB os laptop,https://hardverapro.hu/apro/lenovo_12_gb_os_laptop_2/hsz_1-50.html,112 000 Ft,Veresegyház, 2024-05-04 19:35,bohacslajos
6536907,Lenovo Legion 5 R5 5600H/3050Ti GARIS!,https://hardverapro.hu/apro/lenovo_legion_5_r5_5600h_3050ti_garis/hsz_1-50.html,200 000 Ft,Pilis, 2024-04-29 07:08,picur111
6543517,HUAWEI D14,https://hardverapro.hu/apro/huawei_d14/hsz_1-50.html,85 000 Ft,Veszprém, 2024-05-04 19:02,rumantamas
6543461,"Eladó Medion laptop, Nem működik",https://hardverapro.hu/apro/elado_medion_laptop_nem_mukodik/hsz_1-50.html,5 000 Ft,Kiskunlacháza, 2024-05-04 18:02,Mark69420
6543368,"HP Elitebook 830 G7 érintőkijelzős, vadonat új notebook+táska. I5-10210U/16Gb DDR4 RAM/512SSD/magyar",https://hardverapro.hu/apro/hp_elitebook_830_g7_erintokijelzos_vadonat_uj_note/hsz_1-50.html,180 000 Ft,III. kerület, 2024-05-04 16:50,krapulax7
6543288,LENOVO ideapad Gaming 3-15ACH6,https://hardverapro.hu/apro/lenovo_ideapad_gaming_3-15ach6/hsz_1-50.html,180 000 Ft,Balatonfüred, 2024-05-04 15:59,Cseky
6543026,Gamer,https://hardverapro.hu/apro/gamer_osoc/hsz_1-50.html,400 000 Ft,Seregélyes, 2024-05-04 12:46,Bestwr10
6539889,Eladó hibás Toshiba Satellite L70-B-113 tipusú laptop,https://hardverapro.hu/apro/elado_hibas_toshiba_satellite_l70-b-113_tipusu_lap/hsz_1-50.html,20 000 Ft,Mezőtúr, 2024-05-01 16:36,asil
6542841,Keresek DELL MGJN9 - adaptert 65W 3050 micro,https://hardverapro.hu/apro/keresek_dell_mgjn9_adaptert_65w_3050_micro/hsz_1-50.html,3 500 Ft,Békéscsaba, 2024-05-04 10:44,dongettó
6542801,HP ProBook X360 11 Érintő kijelző/ 2in1 ráblet is/SSD/ Több órás akku/ Office/ Gari,https://hardverapro.hu/apro/hp_probook_x360_11_erinto_kijelzo_2in1_rablet_is_s_2/hsz_1-50.html,38 000 Ft,Gógánfa, 2024-05-04 10:17,tasza
6542796,Asus ROG Zephyrus M 240Hz,https://hardverapro.hu/apro/asus_rog_zephyrus_m_240hz/hsz_1-50.html,249 990 Ft,"Budapest, ...", 2024-05-04 10:11,abaleesz
6542748,"Dell Latitude 7390 Touch 13,3""",https://hardverapro.hu/apro/dell_latitude_7390_touch_13_3/hsz_1-50.html,82 500 Ft,"XI. kerület, ...", 2024-05-04 09:25,NsfoTommy
6540068,"Asus TUF FX505DU Gamer Laptop 1660Ti , Ryzen 7 , 16GB , 512GB SSD , 1TB HDD",https://hardverapro.hu/apro/asus_tuf_fx505du_gamer_laptop_1660ti_ryzen_7_16gb/hsz_1-50.html,200 000 Ft,Győr, 2024-05-01 19:14,aki955
6542727,Hp 840 G5 i5 8350u 8 GB DDR4 256 GB NVMe SSD Új töltő és akkumulátor Win 11Pro,https://hardverapro.hu/apro/hp_840_g5_i5_8350u_8_gb_ddr4_256_gb_nvme_ssd_uj_to/hsz_1-50.html,85 000 Ft,Budapest, 2024-05-04 08:59,b.robi88
6542720,"Hp Zbook 15 G5 i7 8850H 16 GB DDR4 Új 512 NVMe SSD 15,6"" kijelző Új töltővel",https://hardverapro.hu/apro/hp_zbook_15_g5_i7_8850h_16_gb_ddr4_uj_512_nvme_ssd/hsz_1-50.html,219 000 Ft,Budapest, 2024-05-04 08:55,b.robi88
6542666,Acer e1-771(hibás),https://hardverapro.hu/apro/acer_e1-771_hibas/hsz_1-50.html,5 000 Ft,Szeged, 2024-05-04 07:43,valixxx
6542658,Lenovo 40A1 Pro dokkoló + 90W töltő eladó,https://hardverapro.hu/apro/lenovo_40a1_pro_dokkolo_90w_tolto_elado/hsz_1-50.html,10 000 Ft,Gárdony, 2024-05-04 07:36,Shenzhou
6542632,Dell laptop töltö.,https://hardverapro.hu/apro/dell_laptop_tolto_l4yz/hsz_1-50.html,4 000 Ft,Szeged, 2024-05-04 03:11,valixxx
6542608,Dell Latitude 3410 Quad Core i5- i5-10210U 10 generációs laptop 8 GB DDR4 SSD jó akkumulátor,https://hardverapro.hu/apro/dell_latitude_3410_quad_core_i5_i5-10210u_10_gener/hsz_1-50.html,78 500 Ft,Székesfehérvár, 2024-05-04 00:19,cs.tibi
6542483,DELL 7390 érintős i7 8.gen Laptop,https://hardverapro.hu/apro/dell_7390_erintos_i7_8_gen_laptop_2/hsz_1-50.html,85 000 Ft,"Kaposújlak, ...", 2024-05-03 21:10,semod
6542422,Dell Inspiron 15-3531 p28f005 bontódik,https://hardverapro.hu/apro/dell_inspiron_15-3531_p28f005_bontodik/hsz_1-50.html,99 Ft,Nagykanizsa, 2024-05-03 20:08,t2g
6542413,Bontatlan Nitro 5 Gamer Laptop AMD Ryzen7 5800H 16GB DDR4 /1TB SSD/Nvidia Geforce RTL 3070 8GB Gddr6,https://hardverapro.hu/apro/bontatlan_nitro_5_gamer_laptop_amd_ryzen7_5800h_16_8/hsz_1-50.html,395 000 Ft,XVI. kerület, 2024-05-03 20:03,hizokristof
6542173,Használt T14s Gen2 32GB i7 1185g7 Win11 / Lenovo gari 2024.09. szép állapotban,https://hardverapro.hu/apro/hasznalt_t14s_gen2_32gb_i7_1185g7_win11_lenovo_gar/hsz_1-50.html,250 000 Ft,XI. kerület, 2024-05-03 16:48,ancsingabor
6541982,Új hdd rack cd meghajtó helyére,https://hardverapro.hu/apro/uj_hdd_rack_cd_meghajto_helyere/hsz_1-50.html,999 Ft,Budapest, 2024-05-03 14:39,Inspironer
6541648,Eladó laptop,https://hardverapro.hu/apro/elado_laptop_rkju/hsz_1-50.html,80 000 Ft,XVIII. kerület, 2024-05-03 09:50,imre.helgusi
6541588,"Asus X200M 11,6' Notebook, Intel Dual, 4GB DD3,500GB HDD,szép állapot, akksi nem jó, ingyen FOXPOST",https://hardverapro.hu/apro/asus_x200m_11_6_notebook_intel_dual_4gb_dd3_500gb_4/hsz_1-50.html,13 800 Ft,Pécs, 2024-05-03 08:48,stizsolti
6541577,Eladó egy DELL AA20031 (4983D) típusú laptoptöltő,https://hardverapro.hu/apro/elado_egy_dell_aa20031_4983d_tipusu_laptoptolto_3/hsz_1-50.html,3 000 Ft,"VII. kerület, ...", 2024-05-03 08:33,stomasx
6541574,Eladó egy HP notebook töltő / táp,https://hardverapro.hu/apro/elado_egy_hp_notebook_tolto_tap_6/hsz_1-50.html,4 000 Ft,"VII. kerület, ...", 2024-05-03 08:31,stomasx
6541422,"HP Pavilon 17,3 laptop",https://hardverapro.hu/apro/hp_pavilon_17_3_laptop/hsz_1-50.html,37 000 Ft,III. kerület, 2024-05-02 22:48,Juicefruit82
6541387,"Bontott alkatrészek (HP 450,640,650,ZNook,6470,8560w, Dell 100L,D400,D530,D600,D610)",https://hardverapro.hu/apro/bontott_alkatreszek_hp_450_640_650_znook_6470_8560_3/hsz_1-50.html,25 000 Ft,XIII. kerület, 2024-05-02 21:58,jim333
6541329,LENOVO THINKPAD T470S I5-7300U/8GB/256GB SSD/1920X1080,https://hardverapro.hu/apro/lenovo_thinkpad_t470s_i5-7300u_8gb_256gb_ssd_1920x/hsz_1-50.html,45 000 Ft,III. kerület, 2024-05-02 21:12,BRTZU
6541243,Lenovo Omen 15,https://hardverapro.hu/apro/lenovo_omen_15/hsz_1-50.html,180 000 Ft,Mátészalka, 2024-05-02 20:07,R.Salamon
6530608,"Dell Inspiron 16 5620, i5-1235U 10Mag/16"" FullHD+/16GB DDR4/512GB M.2 SSD",https://hardverapro.hu/apro/dell_inspiron_16_5620_i5-1235u_10mag_16_fullhd_16g_2/hsz_1-50.html,179 990 Ft,"Budapest, ...", 2024-04-23 20:19,scorpion777
6541229,HP Elitebook 840 i5-4300U 8GB DDR3/128SSD Üzleti laptop,https://hardverapro.hu/apro/hp_elitebook_840_i5-4300u_8gb_ddr3_128ssd_uzleti_l/hsz_1-50.html,39 999 Ft,"Debrecen, ...", 2024-05-02 19:43,Iron Boy
6541226,Fujitsu CELSIUS H760 i7-6820HQ/16GB DDR4/480SSD/4GB Quadro,https://hardverapro.hu/apro/fujitsu_celsius_h760_i7-6820hq_16gb_ddr4_480ssd_4g/hsz_1-50.html,119 999 Ft,"Debrecen, ...", 2024-05-02 19:41,Iron Boy
6541223,"Fujitsu LifeBook E756 i7-6500U/8GB DDR4/256SSD/15.6""FHD",https://hardverapro.hu/apro/fujitsu_lifebook_e756_i7-6500u_8gb_ddr4_256ssd_15_4/hsz_1-50.html,64 999 Ft,"Debrecen, ...", 2024-05-02 19:40,Iron Boy
6541220,DELL Latitude E7450 i7/8GB/256SSD/Nvidia,https://hardverapro.hu/apro/dell_latitude_e7450_i7_8gb_256ssd_nvidia_3/hsz_1-50.html,49 999 Ft,"Debrecen, ...", 2024-05-02 19:39,Iron Boy
6541218,HP EliteBook 840 G3 i7/8GB/240SSD,https://hardverapro.hu/apro/hp_elitebook_840_g3_i7_8gb_240ssd_4/hsz_1-50.html,64 999 Ft,"Debrecen, ...", 2024-05-02 19:37,Iron Boy
6541214,Lenovo ThinkPad P50 i7-6820HQ/16GB/512SSD/4GB NVIDIA/4K,https://hardverapro.hu/apro/lenovo_thinkpad_p50_i7-6820hq_32gb_256ssd_4gb_nvid/hsz_1-50.html,124 999 Ft,"Debrecen, ...", 2024-05-02 19:34,Iron Boy
6541211,Dell Inspiron 5559 i5-6200U 16GB DDR3 Radeon 4GB ÚJ 240GB SSD + Táska,https://hardverapro.hu/apro/dell_inspiron_5559_i5-6200u_16gb_ddr3_radeon_4gb_u_5/hsz_1-50.html,67 989 Ft,"Debrecen, ...", 2024-05-02 19:33,Iron Boy
6541208,Dell Latitude 5310 Core-i5 10310U /8GB/256 SSD,https://hardverapro.hu/apro/dell_latitude_5310_core-i5_10310u_8gb_256_ssd/hsz_1-50.html,66 900 Ft,"Debrecen, ...", 2024-05-02 19:31,Iron Boy
6541174,Asus VivoBook eladó!,https://hardverapro.hu/apro/asus_vivobook_elado_4/hsz_1-50.html,80 000 Ft,Miskolc, 2024-05-02 19:06,Andor008
6541049,"Sony VAIO 15"" laptop eladó",https://hardverapro.hu/apro/sony_vaio_15_laptop_elado_3/hsz_1-50.html,25 000 Ft,Szeged, 2024-05-02 17:19,skopy
6540327,Dell Latitude E7470 laptop notebook,https://hardverapro.hu/apro/dell_latitude_e7470_laptop_notebook/hsz_1-50.html,45 000 Ft,Budapest, 2024-05-02 07:09,szoja
6540837,Acer Travelmate 250 teljesen működőképes Pentium 4 laptop akkumulátor nélkül,https://hardverapro.hu/apro/acer_travelmate_250_teljesen_mukodokepes_pentioum/hsz_1-50.html,9 000 Ft,"Budapest, ...", 2024-05-02 15:01,fxszm
6540834,"Acer spin 3 n17w5 éritőkijelzős laptop/ táblagép i5 8gen 1,8ghz 8gb Ram 250gb SSD",https://hardverapro.hu/apro/acer_spin_3_n17w5_eritokijelzos_laptop_tablagep_i5/hsz_1-50.html,89 000 Ft,"Budaörs, ...", 2024-05-02 14:59,Katonapeter
6535563,Retro laptop eladó!,https://hardverapro.hu/apro/retro_laptop_elado_2/hsz_1-50.html,10 000 Ft,Ivánbattyán, 2024-04-27 22:21,Bodresz
6540783,ASUS K53S SSD-vel bővítve!,https://hardverapro.hu/apro/asus_k53s_ssd-vel_bovitve/hsz_1-50.html,25 000 Ft,XI. kerület, 2024-05-02 14:23,Slownz
6540748,ELADVA - 14 col Lenovo Ryzen 5 -5500u Vega 8 8GB DDR4 ultrabook,https://hardverapro.hu/apro/14_col_lenovo_ryzen_5_3500u_8gb_ddr4_ultrabook/hsz_1-50.html,49 000 Ft,Bábolna, 2024-05-02 14:00,sislard
6540701,"Asus Rog Strix G17 G733P Gamer Laptop Nvidia 4080 12 Gb 17,3 Gddr 32 Gb Ryzen 9 7845hx 240hz 2k 1Tb",https://hardverapro.hu/apro/asus_rog_strix_g17_g733p_gamer_laptop_nvidia_4080/hsz_1-50.html,890 000 Ft,Hévíz, 2024-05-02 13:16,xzsolto
6540538,"Acer Aspire 5750ZG Intel B960 CPU 4GB RAM 240 SSD 15.6"" HD WIN10",https://hardverapro.hu/apro/acer_aspire_5750zg_intel_b960_cpu_4gb_ram_240_ssd/hsz_1-50.html,20 000 Ft,"Dunakeszi, ...", 2024-05-02 11:10,derya
6540513,Acer Nitro 5 gamer laptop,https://hardverapro.hu/apro/acer_nitro_5_gamer_laptop_4/hsz_1-50.html,290 000 Ft,Gyomaendrőd, 2024-05-02 10:45,Bedő Zoltán
6539465,Eladó Lenovo V15 G1 IML laptop,https://hardverapro.hu/apro/elado_lenovo_v15_g1_iml_laptop/hsz_1-50.html,120 000 Ft,"Pécs, ...", 2024-05-01 11:08,Alveus
6540287,Surface Go Pentium 4415Y Laptop+tablet 8 GB RAM 128 GB SSD jó aksi,https://hardverapro.hu/apro/surface_go_2_pentium_4415y_laptop_tablet_8_gb_ram/hsz_1-50.html,63 500 Ft,Székesfehérvár, 2024-05-02 00:19,cs.tibi
6540193,Asus Vivobook s15 x530un,https://hardverapro.hu/apro/asus_vivobook_s15_x530un/hsz_1-50.html,100 000 Ft,Győr, 2024-05-01 21:27,Krisz100
6530629,"Surface Laptop 5 i5/16/256/13,5""",https://hardverapro.hu/apro/surface_laptop_5_i5_16_256_13_5/hsz_1-50.html,265 000 Ft,Dunavarsány, 2024-04-23 20:37,profile
6539862,Asus X515M,https://hardverapro.hu/apro/asus_x515m/hsz_1-50.html,49 900 Ft,Székesfehérvár, 2024-05-01 16:14,---AgentZ---
6539759,DELL XCMRD laptop akkumulátorok és HP-OQ065B83 65W töltő,https://hardverapro.hu/apro/dell_xcmrd_laptop_akkumulatorok_es_hp-oq065b83_65w/hsz_1-50.html,5 000 Ft,Hatvan, 2024-05-01 14:54,Silverss
6539551,Asus Zephyrus g14 (2022),https://hardverapro.hu/apro/asus_zephyrus_g14_2022/hsz_1-50.html,510 000 Ft,"Budapest, ...", 2024-05-01 12:11,Brachteguyso
6539504,Fujitsu U554 (sérült zsanérnál),https://hardverapro.hu/apro/fujitsu_u554_serult_zsanernal_2/hsz_1-50.html,10 000 Ft,XI. kerület, 2024-05-01 11:29,Louro
6539502,HP 15-P255NH (akku nélkül),https://hardverapro.hu/apro/hp_15-p255nh_akku_nelkul_2/hsz_1-50.html,30 000 Ft,XI. kerület, 2024-05-01 11:26,Louro
6539493,"DELL Inspiron 17 5000 ( I7, 8GB, 120GB, R5 M335 )",https://hardverapro.hu/apro/dell_inspiron_17_5000_i7_8gb_120gb_r5_m335/hsz_1-50.html,50 000 Ft,Komárom, 2024-05-01 11:23,PCD
6539474,Sony Vaio gamer laptop 17,https://hardverapro.hu/apro/sony_vaio_gamer_laptop_17/hsz_1-50.html,75 000 Ft,"Érd, ...", 2024-05-01 11:12,Qpack86
6539417,HP 255 G7,https://hardverapro.hu/apro/hp_255_g7_5/hsz_1-50.html,50 000 Ft,XI. kerület, 2024-05-01 10:44,Bl4ckf4sz
6539234,ASUS ZenBook 14X NoteBook,https://hardverapro.hu/apro/asus_zenbook_14x_notebook_2/hsz_1-50.html,299 000 Ft,XIV. kerület, 2024-05-01 08:21,eszebalu18
6539173,HP 635,https://hardverapro.hu/apro/hp_635_bjum/hsz_1-50.html,13 000 Ft,Vizsoly, 2024-05-01 04:42,Hcsabi32
6539172,Lenovo G565,https://hardverapro.hu/apro/lenovo_g565_ux9d/hsz_1-50.html,8 000 Ft,Vizsoly, 2024-05-01 04:39,Hcsabi32
6539139,Uj ASUS VivoBook 15X K3504VA 250000ft,https://hardverapro.hu/apro/uj_asus_vivobook_15x_k3504va_250000ft/hsz_1-50.html,250 000 Ft,Budapest, 2024-05-01 00:24,lacko6
6539120,Asus VivoBook S15 OLED,https://hardverapro.hu/apro/asus_vivobook_s15_oled_2/hsz_1-50.html,205 000 Ft,Pápa, 2024-04-30 23:54,vs2009
6535005,Asus ROG Strix G15 G513,https://hardverapro.hu/apro/asus_rog_strix_g15_g513/hsz_1-50.html,190 000 Ft,Budapest, 2024-04-27 13:32,shinge
6539032,Toshiba L30-134,https://hardverapro.hu/apro/toshiba_l30-134_4/hsz_1-50.html,20 000 Ft,Miskolc, 2024-04-30 21:47,MVT Kristóf
6539023,Eladó használt ASUS TUF Gaming FX505DU-AL052,https://hardverapro.hu/apro/elado_hasznalt_asus_tuf_gaming_fx505du-al052/hsz_1-50.html,170 000 Ft,XI. kerület, 2024-04-30 21:32,Heno88
6539005,"Dell xps 13"" eladó",https://hardverapro.hu/apro/gamer_gepet_keresek_cserebe_dell_xps_13_adok/hsz_1-50.html,149 000 Ft,Budaörs, 2024-04-30 21:05,Tom2891
6538957,Dell G15 5530 + 1 TB tárhely,https://hardverapro.hu/apro/dell_g15_5530_1_tb_tarhely/hsz_1-50.html,640 000 Ft,Celldömölk, 2024-04-30 20:12,MartonBende
6536680,"ACER Aspire A517-52G - 11th gen i5, 20 GB RAM - Eladó",https://hardverapro.hu/apro/acer_aspire_a517-52g_11th_gen_i5_20_gb_ram_elado/hsz_1-50.html,170 000 Ft,"Budapest, ...", 2024-04-28 20:30,psyho85
6537925,Asus TUF Gaming a17,https://hardverapro.hu/apro/asus_tuf_gaming_a17_5/hsz_1-50.html,280 000 Ft,Székesfehérvár, 2024-04-29 20:21,Kiss Ákos 20
6538851,"Lenovo ThinkPad X230 laptop + dokkoló + töltők + extra aksi, tökéletes állapotban eladó.",https://hardverapro.hu/apro/lenovo_thinkpad_x230_laptop_dokkolo_toltok_extra_a/hsz_1-50.html,60 000 Ft,XIII. kerület, 2024-04-30 18:00,bmk1983
6538845,Acer Swift 3,https://hardverapro.hu/apro/acer_swift_3_8/hsz_1-50.html,90 000 Ft,"Bicske, ...", 2024-04-30 17:55,Bogiszucs
6538777,"Dell gyári (GJKNX) akkumulátor 68Wh 7,6V - 0 perces",https://hardverapro.hu/apro/dell_gyari_gjknx_akkumulator_68wh_7_6v_0_perces/hsz_1-50.html,25 000 Ft,Baja, 2024-04-30 16:58,rappaz82
6528888,Gyári Lenovo laptop töltő 20V 65W,https://hardverapro.hu/apro/gyari_lenovo_laptop_tolto_20v_65w_2/hsz_1-50.html,4 200 Ft,Szeged, 2024-04-22 15:41,Scarabeus001
6538591,"HP Probook 450 G6 (ips, i7, 16GB)",https://hardverapro.hu/apro/hp_probook_450_g6_ips_i7_16gb/hsz_1-50.html,120 000 Ft,XIII. kerület, 2024-04-30 14:10,Magnum_
6538534,"Lenovo T860 laptop eladó. Teljensen újszerű, alig használt, 1 éves.",https://hardverapro.hu/apro/lenovo_t860_laptop_elado_teljensen_ujszeru_alig_ha/hsz_1-50.html,100 000 Ft,Nyíregyháza, 2024-04-30 13:27,tsasa1982
6538418,Lenovo Ideapad Slim 3! Új állapotú,https://hardverapro.hu/apro/lenovo_ideapad_slim_3_uj_allapotu/hsz_1-50.html,95 000 Ft,Soltszentimre, 2024-04-30 11:56,Kristóf17
6536192,OLCSÓBB LETT - GAMER Lenovo Legion Y520 - I7 7700HQ -GTX 1050TI 4GB - 16GB DDR4 RAM,https://hardverapro.hu/apro/elado_gamer_lenovo_legion_y520_i7_7700hq_gtx_1050t/hsz_1-50.html,124 990 Ft,"Budapest, ...", 2024-04-28 15:08,gaborwebex
6538405,Eladó Acer Nitro 5 AN515-56,https://hardverapro.hu/apro/elado_acer_nitro_5_an515-56/hsz_1-50.html,250 000 Ft,Dunaújváros, 2024-04-30 11:43,Péter420
6538389,Asus Rog Strix GL753VE Gamer notebook,https://hardverapro.hu/apro/asus_rog_strix_gl753ve_gamer_notebook_2/hsz_1-50.html,149 990 Ft,"Budapest, ...", 2024-04-30 11:28,Laci331
6538343,Eladó LENOVO laptop + laptop táska + egér,https://hardverapro.hu/apro/elado_lenovo_laptop_laptop_taska_eger/hsz_1-50.html,65 000 Ft,Budapest, 2024-04-30 10:53,Red Bull
6536632,ASUS ROG Strix G15,https://hardverapro.hu/apro/asus_rog_strix_g15_ggj8/hsz_1-50.html,320 000 Ft,"XI. kerület, ...", 2024-04-28 19:52,Mddx28
6538328,HP Elitebook 840 G2 prémium kategóriás laptop,https://hardverapro.hu/apro/hp_elitebook_840_premium_kategorias_laptop/hsz_1-50.html,59 000 Ft,"Balatonalmádi, ...", 2024-04-30 10:34,szabozzz
6532569,"Zenbook 14 2,8K OLED i7-1260p 16/512",https://hardverapro.hu/apro/zenbook_14_2_8k_oled_i7-1260p_16_512/hsz_1-50.html,180 000 Ft,Budapest, 2024-04-25 12:45,tothur
6538218,Sony Vaio SVE15 LCD kábel,https://hardverapro.hu/apro/sony_vaio_sve15_lcd_kabel_2/hsz_1-50.html,3 000 Ft,Székesfehérvár, 2024-04-30 08:47,hdani88
6538167,HP Probook 430 G6 újszerű állapotban!,https://hardverapro.hu/apro/hp_probook_430_g6_ujszeru_allapotban/hsz_1-50.html,60 000 Ft,Szolnok, 2024-04-30 07:33,laja80
6538095,ASUS ROG GL553VW-FY024T,https://hardverapro.hu/apro/asus_rog_gl553vw-fy024t/hsz_1-50.html,50 000 Ft,Nyíregyháza, 2024-04-30 01:02,karaly93
6530798,Asus Zenbook Flip 13 (UX363J),https://hardverapro.hu/apro/asus_zenbook_flip_13_ux363j/hsz_1-50.html,165 000 Ft,Budapest, 2024-04-23 23:30,harryhaller
6538052,Asus Tuf F15 1660Ti,https://hardverapro.hu/apro/asus_tuf_f15_1660ti/hsz_1-50.html,139 990 Ft,Aszód, 2024-04-29 22:48,Bunce2654
6537954,Dell Latitude 4950 256 SSD 8GB RAM I5-8350U Windows 11,https://hardverapro.hu/apro/dell_latitude_4950_256_ssd_8gb_ram_i5-8350u_window/hsz_1-50.html,55 000 Ft,"Budapest, ...", 2024-04-29 20:48,mvp04
6533487,3/4G modemek egyben eladó,https://hardverapro.hu/apro/3_4g_modemek_egyben_elado/hsz_1-50.html,1 000 Ft,"Fadd, ...", 2024-04-26 09:33,Nikolett23
6533458,Lenovo billentyűzetek,https://hardverapro.hu/apro/lenovo_billentyuzetek_7/hsz_1-50.html,4 000 Ft,"Fadd, ...", 2024-04-26 09:07,Nikolett23
6533444,"Lenovo alkatrészek B,G,S,Y,V IDEAPAD, YOGA,FLEX STB...",https://hardverapro.hu/apro/lenovo_alkatreszek_b_g_s_y_v_ideapad_yoga_flex_stb_5/hsz_1-50.html,3 000 Ft,"Fadd, ...", 2024-04-26 08:44,Nikolett23
6533442,Lenovo Yoga 510 i5-6200u,https://hardverapro.hu/apro/lenovo_yoga_510_i5-6200u_3/hsz_1-50.html,24 990 Ft,"Fadd, ...", 2024-04-26 08:40,Nikolett23
6533437,Lenovo Legion Y720-15 palmrest,https://hardverapro.hu/apro/lenovo_legion_y720-15_palmrest_2/hsz_1-50.html,9 000 Ft,"Fadd, ...", 2024-04-26 08:32,Nikolett23
6533435,"Magyar billentyűzetes palmrestek (Idepad 110-15ibr, V110, Yoga 500-15)",https://hardverapro.hu/apro/magyar_billentyuzetes_palmrestek_idepad_110-15ibr_3/hsz_1-50.html,8 000 Ft,"Fadd, ...", 2024-04-26 08:29,Nikolett23
6533417,"Lenovo alkatrészek THINKPAD Edge E540,E550,T510, E431, Edge 11, T420S,STB",https://hardverapro.hu/apro/lenovo_alkatreszek_thinkpad_edge_e540_e550_t510_e4_tqtp/hsz_1-50.html,3 000 Ft,"Fadd, ...", 2024-04-26 08:06,Nikolett23
6533489,Lenovo alkatrészek! Nagy mennyiség egyben eladó!,https://hardverapro.hu/apro/lenovo_alkatreszek_nagy_mennyiseg_egyben_elado_2/hsz_1-50.html,100 Ft,Fadd, 2024-04-26 09:36,Nikolett23
6537790,Asus ROG Strix Hero II GL504GM-ES089(GPU hibás),https://hardverapro.hu/apro/asus_rog_strix_hero_ii_gl504gm-es089_gpu_hibas/hsz_1-50.html,90 000 Ft,III. kerület, 2024-04-29 18:37,snappyy
6537788,"dell g5 g15 intel core i5 10300H 2,5 ghz 16 gb ram 512 + 256 ssd",https://hardverapro.hu/apro/dell_g5_g15_intel_core_i5_10300h_2_5_ghz_16_gb_ram/hsz_1-50.html,159 000 Ft,Székesfehérvár, 2024-04-29 18:35,LKorneol
6537773,Keresek: Lenovo ideapad l340 gaming felsó burkolatot,https://hardverapro.hu/apro/keresek_lenovo_ideapad_l340_gaming_felso_burkolato/hsz_1-50.html,10 000 Ft,Szurdokpüspöki, 2024-04-29 18:24,APONE
6537727,HP Victus Ryzen7 7840HS 32GB DDR5 1TB SSD 16.1 144hz RTX 4060 8GB DDR6,https://hardverapro.hu/apro/hp_victus_ryzen7_7840hs_32gb_ddr5_1tb_ssd_16_1_144/hsz_1-50.html,389 998 Ft,Vecsés, 2024-04-29 17:46,microstore
6537687,Lenovo T480 - i5-7300/8gb/256gb,https://hardverapro.hu/apro/lenovo_t480_i5-7300_8gb_256gb/hsz_1-50.html,39 990 Ft,XI. kerület, 2024-04-29 17:10,kristoph08
6537643,ASUS ROG Chimera G703GXR-EV005T Gamer Notebook eladó,https://hardverapro.hu/apro/asus_rog_chimera_g703gxr-ev005t_gamer_notebook_ela/hsz_1-50.html,389 000 Ft,"Budapest, ...", 2024-04-29 16:33,benesan
6537639,HP Pavilion dv5 használt notebook,https://hardverapro.hu/apro/hp_pavilion_dv5_hasznalt_notebook_2/hsz_1-50.html,5 000 Ft,Szeged, 2024-04-29 16:32,Macsek1988
6537637,Dell Latitude E5410 használt notebook,https://hardverapro.hu/apro/dell_latitude_e5410_hasznalt_notebook_4/hsz_1-50.html,16 000 Ft,Szeged, 2024-04-29 16:31,Macsek1988
6537632,Dell Latitude E6400 használt notebook,https://hardverapro.hu/apro/dell_latitude_e6400_hasznalt_notebook_4/hsz_1-50.html,10 000 Ft,Szeged, 2024-04-29 16:30,Macsek1988
6537627,Dell Latitude E5500 használt notebook,https://hardverapro.hu/apro/dell_latitude_e5500_hasznalt_notebook_j3u3/hsz_1-50.html,7 000 Ft,Szeged, 2024-04-29 16:28,Macsek1988
6537624,Dell Latitude E5500 használt notebook,https://hardverapro.hu/apro/dell_latitude_e5500_hasznalt_notebook_hzq1/hsz_1-50.html,7 000 Ft,Szeged, 2024-04-29 16:27,Macsek1988
6537622,Dell Latitude E5500 használt notebook,https://hardverapro.hu/apro/dell_latitude_e5500_hasznalt_notebook_ptlx/hsz_1-50.html,7 000 Ft,Szeged, 2024-04-29 16:26,Macsek1988
6537620,Dell Latitude E5500 használt notebook,https://hardverapro.hu/apro/dell_latitude_e5500_hasznalt_notebook_dczv/hsz_1-50.html,7 000 Ft,Szeged, 2024-04-29 16:25,Macsek1988
6537549,Dell Latitude E5450 Akkumlátur nélkül!!,https://hardverapro.hu/apro/dell_latitude_e5450_akkumlatur_nelkul/hsz_1-50.html,30 000 Ft,"Budapest, ...", 2024-04-29 15:34,garamadam93
6537548,"Eladó - Asus ZenBook fémházas Laptop 14"" AMD Ryzen 7 3700U, 16Gb, 1TB SSD, FHD",https://hardverapro.hu/apro/elado_asus_zenbook_femhazas_laptop_14_amd_ryzen_7/hsz_1-50.html,140 000 Ft,Miskolc, 2024-04-29 15:33,Kardesz97
6537539,Acer Predator Helios 300 (Garanciás),https://hardverapro.hu/apro/acer_predator_helios_300_garancias_2/hsz_1-50.html,480 000 Ft,Győr, 2024-04-29 15:28,BaLindt
6537515,Dell Latitude E5470,https://hardverapro.hu/apro/dell_latitude_e5470_sift/hsz_1-50.html,40 000 Ft,"Budapest, ...", 2024-04-29 15:13,garamadam93
6537498,Dell Latitude E7450,https://hardverapro.hu/apro/dell_latitude_e7450_7/hsz_1-50.html,48 000 Ft,"Budapest, ...", 2024-04-29 15:06,garamadam93
6537459,Lenovo Ideapad S145-15 340C-15IWL V15-IIL V15-IWL cooler,https://hardverapro.hu/apro/lenovo_ideapad_s145-15_340c-15iwl_v15-iil_v15-iwl/hsz_1-50.html,5 000 Ft,VIII. kerület, 2024-04-29 14:45,panki70
6537301,3Eladó Lenovo Legion Slim 7,https://hardverapro.hu/apro/3elado_lenovo_legion_slim_7/hsz_1-50.html,220 000 Ft,Szombathely, 2024-04-29 13:08,Tibi0406
6536223,ADATA DDR5 Laptop RAM 4800 MHz - AD5S480016G-S,https://hardverapro.hu/apro/adata_ddr5_laptop_ram_4800_mhz_ad5s480016g-s/hsz_1-50.html,13 000 Ft,"III. kerület, ...", 2024-04-28 15:30,ivan.hoe
6529622,Dell WD15 type-c dokkoló 180W-os töltővel,https://hardverapro.hu/apro/dell_wd15_type-c_dokkolo_180w-os_toltovel_2/hsz_1-50.html,14 000 Ft,III. kerület, 2024-04-23 06:53,Kovzol79
6536906,Dell Latitude 5500 intel i5 8365/256gb/16gb,https://hardverapro.hu/apro/dell_latitude_5500_intel_i5_8365_256gb_16gb/hsz_1-50.html,110 000 Ft,"XIII. kerület, ...", 2024-04-29 07:07,bedoadam85
6536772,ASUS ExpertBook B1400CEAE,https://hardverapro.hu/apro/asus_expertbook_b1400ceae/hsz_1-50.html,180 000 Ft,Székesfehérvár, 2024-04-28 22:05,asfap
6536675,Qompact series pp2140,https://hardverapro.hu/apro/qompact_series_pp2140/hsz_1-50.html,45 000 Ft,Budakeszi, 2024-04-28 20:24,ferrari22
6536657,Lenovo Ideapad,https://hardverapro.hu/apro/lenovo_ideapad_hmsc/hsz_1-50.html,112 000 Ft,Veresegyház, 2024-04-28 20:10,bohacslajos
6535783,"Dell inspiron 13-5368 7. Gen I5 foltos kijelző 13,3",https://hardverapro.hu/apro/dell_inspiron_13-5368_7_gen_i5_foltos_kijelzo_13_3/hsz_1-50.html,20 000 Ft,Sopron, 2024-04-28 09:57,prestigio
6536562,ASUS X554L Notebook,https://hardverapro.hu/apro/asus_x554l_notebook_2/hsz_1-50.html,35 000 Ft,Budapest, 2024-04-28 19:01,chichilichi
6536468,Asus X515EA,https://hardverapro.hu/apro/asus_x515ea_2/hsz_1-50.html,80 000 Ft,Szombathely, 2024-04-28 18:02,Denielsaint
6536439,"Dell 7306 2in1 - Core i7-11th/16/1tb ssd 13,3"" FHD zsanérsérült gép",https://hardverapro.hu/apro/dell_7306_2in1_core_i7-11th_16_1tb_ssd_13_3_fhd_zs_3/hsz_1-50.html,219 990 Ft,Balatonalmádi, 2024-04-28 17:48,transcomp
6536429,"ASUS ZenBook Q407IQ-BR5N4 14"" FHD Ryzen 5 4500U 8GB - MX350 - !ÚJ!, de töltésvezérlős..tápról indul",https://hardverapro.hu/apro/asus_zenbook_q407iq-br5n4_14_fhd_ryzen_5_4500u_8gb_2/hsz_1-50.html,99 000 Ft,Balatonalmádi, 2024-04-28 17:43,transcomp
6536404,Medion laptop,https://hardverapro.hu/apro/medion_laptop_llgq/hsz_1-50.html,60 000 Ft,Csempeszkopács, 2024-04-28 17:29,Denielsaint
6536399,Medion laptop,https://hardverapro.hu/apro/medion_laptop_xdta/hsz_1-50.html,140 000 Ft,Csempeszkopács, 2024-04-28 17:27,Denielsaint
6536267,HP RU03XL L 12717-421 2db eredeti akkumulátor eladó. Kondíció: 86% és 88%,https://hardverapro.hu/apro/hp_ru03xl_l_12717-421_2db_eredeti_akkumulator_elad/hsz_1-50.html,6 500 Ft,Gyömrő, 2024-04-28 16:02,Gerykeyboard
6536032,"Dell Inspiron 15, 5000 Gaming Laptop",https://hardverapro.hu/apro/dell_inspiron_15_5000_gaming_laptop/hsz_1-50.html,180 000 Ft,"Budapest, ...", 2024-04-28 13:03,tigerdegarra
6535986,Dell Thunderbolt Dock TB16 - Type C Dockingstation,https://hardverapro.hu/apro/dell_thunderbolt_dock_tb16_type_c_dockingstation/hsz_1-50.html,12 000 Ft,"Pécs, ...", 2024-04-28 12:31,dtk1024
6535680,Lenovo Thinkpad t540p munkaállomás notebook,https://hardverapro.hu/apro/lenovo_thinkpad_w540p_munkaallomas_notebook/hsz_1-50.html,43 000 Ft,"Budapest, ...", 2024-04-28 08:16,djjago
6535558,"Acer TravelMate // 4+8Gb RAM // 15,6"" Full HD",https://hardverapro.hu/apro/acer_travelmate_4_8gb_ram_15_6_full_hd/hsz_1-50.html,75 000 Ft,Budapest, 2024-04-27 22:16,K/Martin
6535410,Eladó Acer Aspire 5 17colos Laptop,https://hardverapro.hu/apro/elado_acer_aspire_5_a517-51g-33dw/hsz_1-50.html,45 000 Ft,Páka, 2024-04-27 19:43,Bogya75
6535395,I Dell G15 GAMER notebook I RTX3050,https://hardverapro.hu/apro/dell_g15_notebook/hsz_1-50.html,220 000 Ft,"Budapest, ...", 2024-04-27 19:31,elpoint
6535287,LENOVO ThinkPad X240,https://hardverapro.hu/apro/lenovo_thinkpad_x240_kvu6/hsz_1-50.html,35 000 Ft,Gyöngyöshalász, 2024-04-27 17:48,AttilaFarkas
6535074,Lenovo ThinkPad T450 burkolat elemek,https://hardverapro.hu/apro/lenovo_thinkpad_t450_burkolat_elemek/hsz_1-50.html,10 000 Ft,Gyöngyöshalász, 2024-04-27 14:25,AttilaFarkas
6535056,Lenovo ThinkPad T450-alkatrésznek,https://hardverapro.hu/apro/lenovo_thinkpad_t450-alkatresznek/hsz_1-50.html,20 000 Ft,Gyöngyöshalász, 2024-04-27 14:10,AttilaFarkas
6534790,ASUS FX503VM laptop,https://hardverapro.hu/apro/asus_fx503vm_laptop/hsz_1-50.html,180 000 Ft,IX. kerület, 2024-04-27 10:58,Venrathin
6534700,Dell Latitude E5250 eladó,https://hardverapro.hu/apro/dell_latitude_e5250_elado_3/hsz_1-50.html,25 000 Ft,Nagykanizsa, 2024-04-27 09:46,Dinomano
6534696,Lenovo ADLX65NLC3A 65W töltő,https://hardverapro.hu/apro/lenovo_adlx65nlc3a_65w_tolto/hsz_1-50.html,3 000 Ft,Budapest, 2024-04-27 09:44,Altar
6534653,Lenovo Thinkbook 15 G2 i5-11TH/16Gb/256 Gb SSD/Full Hd,https://hardverapro.hu/apro/lenovo_thinkbook_15_g2_i5-11th_16gb_256_gb_ssd_ful/hsz_1-50.html,140 000 Ft,XVII. kerület, 2024-04-27 09:12,Elitex2
6534644,HP Zbook Studio G3 i7-6700/32GB DDR4 RAM/512 GB NWME SSD/FULL HD,https://hardverapro.hu/apro/hp_zbook_studio_g3_i7-6700_32gb_512_ssd/hsz_1-50.html,140 000 Ft,XVII. kerület, 2024-04-27 09:06,Elitex2
6534632,HP Elitebook 640 G9 i3-1215U/16Gb/512 Gb SSD/FULL HD,https://hardverapro.hu/apro/hp_elitebook_640_g9_i3-1215u_16gb_512_gb_ssd_full/hsz_1-50.html,140 000 Ft,Budapest, 2024-04-27 08:58,Elitex2
6534535,"Laptop alkatészek Acer, Asus, Dell, Fujitsu Siemens, HP, MSI, Lenovo, Samsung, Toshiba",https://hardverapro.hu/apro/laptop_alkateszek_acer_asus_dell_fujitsu_siemens_h_kqql/hsz_1-50.html,100 Ft,Nagykanizsa, 2024-04-27 05:52,dth2018
6534453,HP Pavilion Gaming Laptop 15-cx0xxx,https://hardverapro.hu/apro/hp_pavilion_gaming_laptop_15-cx0xxx_3/hsz_1-50.html,165 000 Ft,Budapest, 2024-04-26 22:06,palfi.domini
6534404,Eladó bontatlan HP Thunderbolt Dock 280W G4 Dokkoló,https://hardverapro.hu/apro/elado_bontatlan_hp_thunderbolt_dock_280w_g4_dokkol/hsz_1-50.html,59 990 Ft,"Budaörs, ...", 2024-04-26 21:17,utax
6534399,Dell töltő,https://hardverapro.hu/apro/dell_tolto_a42b/hsz_1-50.html,5 000 Ft,"Gödöllő, ...", 2024-04-26 21:16,!theklicsko!
6534393,DDR3L Laptop memóriák eladók,https://hardverapro.hu/apro/ddr3l_laptop_memoriak_eladok/hsz_1-50.html,2 500 Ft,"Fót, ...", 2024-04-26 21:08,!theklicsko!
6534163,"Lenovo Thinkpad L480, Intel Core i5 8250U, 8GB RAM, 256 GB SSD, Win11Pro",https://hardverapro.hu/apro/lenovo_thinkpad_l480_intel_core_i5_8250u_8gb_ram_2/hsz_1-50.html,65 000 Ft,Budapest, 2024-04-26 17:52,lucsikbe
6533876,ASUS ZenBook 14,https://hardverapro.hu/apro/asus_zenbook_14_cr5q/hsz_1-50.html,250 000 Ft,Mór, 2024-04-26 14:31,Bence TIbor
6533842,"Asus D509B laptop, notebook",https://hardverapro.hu/apro/asus_d509b_laptop_notebook/hsz_1-50.html,80 000 Ft,Budapest, 2024-04-26 14:03,Sandorhodito
6533835,"Asus M415D Laptop AMD RYZEN 3, 8GB, hibatlan",https://hardverapro.hu/apro/asus_m415d_laptop_amd_ryzen_3_8gb_hibatlan/hsz_1-50.html,60 000 Ft,Budapest, 2024-04-26 13:58,Sandorhodito
6533688,Lenovo X1 carbon 6gen /i7 8650/WQHD/256 GB/8GB/ Hun Vill Bill/Ujlenyomat - használt,https://hardverapro.hu/apro/lenovo_x1_carbon_6gen_i7_8650_wqhd_256_gb_16gb_hun/hsz_1-50.html,129 998 Ft,Vecsés, 2024-04-26 12:15,microstore
6533675,"Dell Latitude 3301 - i5-8265U I 16GB I 256GB SSD I 13,3"" HD I Cam I W11",https://hardverapro.hu/apro/dell_latitude_3301_i5-8265u_i_16gb_i_256gb_ssd_i_1/hsz_1-50.html,75 000 Ft,III. kerület, 2024-04-26 12:07,simonmatekaa
6533635,Eladó notebook - LENOVO Ultrabook U530 touch Windows 10 operációs rendszerrel,https://hardverapro.hu/apro/elado_notebook_lenovo_ultrabook_u530_touch_windows/hsz_1-50.html,60 000 Ft,Veresegyház, 2024-04-26 11:32,rioo089
6532404,"Dell LATITUDE E5450 laptop i5 Procival, dokkolóval, táskával",https://hardverapro.hu/apro/dell_latitude_e5450_laptop_i5_procival_dokkoloval_2/hsz_1-50.html,40 990 Ft,"Budapest, ...", 2024-04-25 10:26,TheJoeker
6533499,"Lenovo ThinkPad T14s Gen 3 (i5/16GB/256SSD/14"" FHD) laptop eladó!",https://hardverapro.hu/apro/lenovo_thinkpad_t14s_gen_3_i5_16gb_256ssd_14_fhd_l/hsz_1-50.html,279 000 Ft,"Budapest, ...", 2024-04-26 09:42,vzsofia89
6533211,Toshiba C50-B-14Z,https://hardverapro.hu/apro/toshiba_c50-b-14z/hsz_1-50.html,30 000 Ft,"IV. kerület, ...", 2024-04-25 21:26,Kalaposnapos
6533190,"Asus X301A 13,3"" HD 4GB RAM 128GB SSD Win10",https://hardverapro.hu/apro/asus_x301a_13_3_hd_4gb_ram_128gb_ssd_win10/hsz_1-50.html,25 000 Ft,"Kazincbarcika, ...", 2024-04-25 21:06,lovasalbi
6533120,Acer aspire a315-41 8GB DDR4 SSD+HDD,https://hardverapro.hu/apro/acer_aspire_a315-41_8gb_ddr4_ssd_hdd/hsz_1-50.html,50 000 Ft,XV. kerület, 2024-04-25 20:10,geri525
6532798,Acer Aspire 6930 HIBÁS - alkatrésznek,https://hardverapro.hu/apro/acer_aspire_6930_hibas_alkatresznek/hsz_1-50.html,2 500 Ft,Szeged, 2024-04-25 15:35,TerrorIstván
6532747,"Lenovo Yoga 530-14ARR 14"" érintőkijelzős!",https://hardverapro.hu/apro/lenovo_yoga_530-14arr_14_erintokijelzos/hsz_1-50.html,80 000 Ft,Salgótarján, 2024-04-25 15:05,Biró Ádám
6532723,Lenovo E14 Thinkpad Gen 2,https://hardverapro.hu/apro/lenovo_e14_thinkpad_gen_2/hsz_1-50.html,120 000 Ft,Budapest, 2024-04-25 14:53,jackzrabbit
6532626,"Garanciális ASUS TUF GAMING F15 gamer notebook i7-11800H, 24GB RAM, 1012GB SSD, 4GB Geforce",https://hardverapro.hu/apro/garancialis_asus_tuf_gaming_f15_gamer_notebook_i7/hsz_1-50.html,320 000 Ft,Veszprém, 2024-04-25 13:33,Broodie
6532597,Dell Latitude E7270 4G és érintőképernyős,https://hardverapro.hu/apro/dell_latitude_e7270_4g_es_erintokepernyos/hsz_1-50.html,95 000 Ft,Budapest, 2024-04-25 13:02,capa133
6532511,"ASUS ROG ZEPHYRUS G16 RTX 4060, 1 év garancia",https://hardverapro.hu/apro/asus_rog_zephyrus_g16_rtx_4060_1_ev_garancia/hsz_1-50.html,480 000 Ft,III. kerület, 2024-04-25 11:59,MNandor
6532395,Lenovo ThinkPad T450s,https://hardverapro.hu/apro/lenovo_thinkpad_t450s_oh8p/hsz_1-50.html,80 000 Ft,Százhalombatta, 2024-04-25 10:15,flipside262
6532330,Lenovo,https://hardverapro.hu/apro/lenovo_wh7x/hsz_1-50.html,90 000 Ft,"Budapest, ...", 2024-04-25 09:14,Szabee14
6531183,Lenovo IdeaPad Gaming 3 15ACH6 AMD Ryzen 5 5600H 512 GB SSD 8 GB RAM,https://hardverapro.hu/apro/lenovo_ideapad_gaming_3_15ach6_amd_ryzen_5_5600h_5_4/hsz_1-50.html,199 000 Ft,XIV. kerület, 2024-04-24 11:47,ClassThököly
6532287,Dell Latitude E6320 laptop,https://hardverapro.hu/apro/dell_latitude_e6320_laptop_2/hsz_1-50.html,17 000 Ft,Budapest, 2024-04-25 08:09,hulakr
6532267,"Lenovo Legion/ I7 proci, 8GB Ram, SSD, HDD, 4GB VGA/erős gamer laptop eladó!",https://hardverapro.hu/apro/lenovo_legion_i7_proci_8gb_ram_ssd_hdd_4gb_vga_ero/hsz_1-50.html,185 000 Ft,Sátoraljaújhely, 2024-04-25 07:40,Sanya46
6532217,LENOVO IDEAPAD 5 PRO 14 - 2 ÉV GYÁRI GARANCIA,https://hardverapro.hu/apro/lenovo_ideapad_5_pro_14_2_ev_gyari_garancia/hsz_1-50.html,125 999 Ft,Budapest, 2024-04-25 05:22,6red
6532211,Acer Aspire 3 Notebook,https://hardverapro.hu/apro/acer_aspire_3_notebook/hsz_1-50.html,90 000 Ft,"XI. kerület, ...", 2024-04-25 02:37,P.Levente
6532137,ACER TMP253-M-32344G50Maks laptop eladó (kijelzőhibás),https://hardverapro.hu/apro/acer_tmp253-m-32344g50maks_laptop_elado_kijelzohib/hsz_1-50.html,10 000 Ft,Debrecen, 2024-04-24 22:17,zoltan0217
6532034,"HP 2013 UltraSlim dokkoló 2db kulcsokkal, 1 töltő, 1 biztonsági kábel",https://hardverapro.hu/apro/hp_2013_ultraslim_dokkolo_2db_kulcsokkal_1_tolto_1/hsz_1-50.html,10 000 Ft,"IX. kerület, ...", 2024-04-24 20:43,kiss.zoli
6532028,Lenovo ThinkPad Essential 15.6 Topload (4X41C12469),https://hardverapro.hu/apro/lenovo_thinkpad_essential_15_6_topload_4x41c12469/hsz_1-50.html,6 000 Ft,Budapest, 2024-04-24 20:40,Petra6
6531927,Acer aspire 5755 hibás laptop eladó,https://hardverapro.hu/apro/acer_aspire_5755_hibas_laptop_elado/hsz_1-50.html,15 000 Ft,Nyíregyháza, 2024-04-24 19:26,gosztiapa
6531860,HP Pavilion,https://hardverapro.hu/apro/hp_pavilion_gmld/hsz_1-50.html,99 000 Ft,"Érd, ...", 2024-04-24 18:36,metzivett
6531824,Lenovo ThinkPad OneLink Pro Dock 4X10E52935,https://hardverapro.hu/apro/lenovo_thinkpad_onelink_pro_dock_4x10e52935/hsz_1-50.html,5 000 Ft,III. kerület, 2024-04-24 18:08,RDSystems
6531816,Lenovo ThinkPad OneLink+ Dock 40A40090EU,https://hardverapro.hu/apro/lenovo_thinkpad_onelink_dock_40a40090eu/hsz_1-50.html,5 000 Ft,III. kerület, 2024-04-24 18:04,RDSystems
6531389,"HP Elitebook 840 G1 üzleti laptop szép állapotban, magyar billentyűzettel, jó aksival",https://hardverapro.hu/apro/hp_elitebook_840_g1_uzleti_laptop_szep_allapotban/hsz_1-50.html,34 900 Ft,Budapest, 2024-04-24 13:52,Tejesember
6531275,Dell 60.0W C-type adapter,https://hardverapro.hu/apro/dell_60_0w_c-type_adapter/hsz_1-50.html,10 000 Ft,Cegléd, 2024-04-24 12:49,Toki00
6531205,Garanciás Asus rog strix g16 (2023),https://hardverapro.hu/apro/garancias_asus_rog_strix_g16_2023/hsz_1-50.html,600 000 Ft,Székesfehérvár, 2024-04-24 12:08,djcsikesz
6531179,Lenovo Legion 5 15ACH6 Stingray,https://hardverapro.hu/apro/lenovo_legion_5_15ach6_stingray_2/hsz_1-50.html,220 000 Ft,Budapest, 2024-04-24 11:44,banyakadrian
6530761,Nyitási akció! HP Probook 450 G3 A,https://hardverapro.hu/apro/nyitasi_akcio_hp_probook_450_g3_a/hsz_1-50.html,56 610 Ft,Veszprém, 2024-04-23 22:27,Prolaptop
6530728,"Dell E-Port Plus PR02X dokkoló Dell Latitude, Precision laptopokhoz",https://hardverapro.hu/apro/dell_e-port_plus_pr02x_dokkolo_dell_latitude_preci/hsz_1-50.html,3 000 Ft,I. kerület, 2024-04-23 21:53,circum
6530681,HP Pavilion 15-bc511nh Laptop,https://hardverapro.hu/apro/hp_pavilion_15-bc511nh_laptop_2/hsz_1-50.html,170 000 Ft,"Székesfehérvár, ...", 2024-04-23 21:13,Darkk012
6528909,"HP elitebook 2570p - i5-3360M, 4GB DDR3, 320 HDD - billentyűzete nem jó",https://hardverapro.hu/apro/hp_elitebook_2570p_i5-3360m_4gb_ddr3_320_hdd_bille/hsz_1-50.html,18 000 Ft,XIII. kerület, 2024-04-22 15:58,ozorai
6530295,HP STREAM 11 Pro G5 laptop - Érintős - Win 10 Pro,https://hardverapro.hu/apro/hp_stream_11_pro_g5_laptop_erintos_win_10_pro/hsz_1-50.html,36 990 Ft,Budapest, 2024-04-23 16:14,Jazzmedve
6530291,"Dell 7480 14"" érintős FHD",https://hardverapro.hu/apro/dell_7480_14_erintos_fhd/hsz_1-50.html,40 000 Ft,Pécs, 2024-04-23 16:09,exe
6530246,Sony VAIO TZ,https://hardverapro.hu/apro/sony_vaio_tz/hsz_1-50.html,49 990 Ft,Siófok, 2024-04-23 15:39,sutomarci
6530195,Acer Aspire A715,https://hardverapro.hu/apro/acer_aspire_a715/hsz_1-50.html,100 000 Ft,Kecskemét, 2024-04-23 15:03,bencegaal7
6530135,Notebook 9 (900X3G-K03) NP900X3G-КОЗНК,https://hardverapro.hu/apro/notebook_9_900x3g-k03_np900x3g-koznk/hsz_1-50.html,10 000 Ft,Szolnok, 2024-04-23 14:33,SaiiiD
6530129,GYŰJTŐKNEK! Lenovo Thinkpad W701 i7 820QM/8GB RAM/FX2800M,https://hardverapro.hu/apro/gyujtoknek_lenovo_thinkpad_w701_i7_820qm_8gb_ram_f_2/hsz_1-50.html,199 990 Ft,Budapest, 2024-04-23 14:31,Csepi95
6530002,Lenovó notebook tápegység,https://hardverapro.hu/apro/lenovo_notebook_tapegyseg/hsz_1-50.html,2 999 Ft,Pécs, 2024-04-23 13:19,hintalo68
6529949,"MSI GP66 Leopard 10UE 15,6"" FHD 144Hz Gaming laptop, Intel Core i7-10870H, 16GB, 512GB SSD, Rtx3060",https://hardverapro.hu/apro/msi_gp66_leopard_10ue_15_6_fhd_144hz_gaming_laptop/hsz_1-50.html,299 999 Ft,XIV. kerület, 2024-04-23 12:28,norbi012492
6529870,Hibás Lenovo Y520-15IKBN billentyűzet,https://hardverapro.hu/apro/hibas_lenovo_y520-15ikbn_billentyuzet/hsz_1-50.html,2 000 Ft,Sárvár, 2024-04-23 11:29,GuillaumeR
6529804,"Kijelzőhibás, hiányos Dell Precision m6700 eladó!",https://hardverapro.hu/apro/kijelzohibas_hianyos_dell_precisiopn_m6700_elado/hsz_1-50.html,45 000 Ft,Adony, 2024-04-23 10:23,Farkass107
6529704,"Karcsú és erős DELL Precision 5510 i5-6300HQ/16/256SSD/15,6""/FHD Workstation Laptop",https://hardverapro.hu/apro/karcsu_es_eros_dell_precision_5510_i5-6300hq_16_25/hsz_1-50.html,149 998 Ft,Nyíregyháza, 2024-04-23 08:53,NaniPC.hu
6529693,Nagyképernyős Lenovo ThinkPad T540p i5-4200M/8/256SSD/15.6 Laptop,https://hardverapro.hu/apro/nagykepernyos_lenovo_thinkpad_t540p_i5-4200m_8_256/hsz_1-50.html,79 998 Ft,Nyíregyháza, 2024-04-23 08:45,NaniPC.hu
6529316,Bontatlan Nitro 5 Gamer Laptop AMD Ryzen7 5800H 16GB DDR4 /1TB SSD/Nvidia Geforce RTL 3070 8GB Gddr6,https://hardverapro.hu/apro/bontatlan_nitro_5_gamer_laptop_amd_ryzen7_5800h_16_7/hsz_1-50.html,425 000 Ft,XVI. kerület, 2024-04-22 20:18,hizokristof
6529237,Lenovo Ideapad U430p hibás notebook eladó,https://hardverapro.hu/apro/lenovo_ideapad_u430p_hibas_notebook_elado/hsz_1-50.html,20 990 Ft,Gyula, 2024-04-22 19:31,tilla66
6529228,ASUS ROG Strix Gamer laptop i7-9750H / GTX 1660Ti / 16GB,https://hardverapro.hu/apro/asus_rog_strix_gamer_laptop_i7-9750h_gtx_1660ti_16_3/hsz_1-50.html,190 000 Ft,Budapest, 2024-04-22 19:22,norbertx2
6529165,Eladó HP 15S alig használt laptop,https://hardverapro.hu/apro/elado_hp_15s_alig_hasznalt_laptop/hsz_1-50.html,84 999 Ft,Visonta, 2024-04-22 18:36,Vadam65
6529064,"HP Elitebook, i3, 16g ram, 240g ssd",https://hardverapro.hu/apro/hp_elitebook_i3_16g_ram_240g_ssd/hsz_1-50.html,49 999 Ft,XIX. kerület, 2024-04-22 17:46,max24
6528974,Lenovo ideapad c340-14API játszati is..,https://hardverapro.hu/apro/lenovo_ideapad_c340-14api_jatszati_is/hsz_1-50.html,100 000 Ft,Budapest, 2024-04-22 16:45,Bélaroli84
6528921,Laptop,https://hardverapro.hu/apro/laptop_mhaa/hsz_1-50.html,4 000 Ft,Békéscsaba, 2024-04-22 16:04,AlexRealYT
6528916,Laptop,https://hardverapro.hu/apro/laptop_nich/hsz_1-50.html,5 000 Ft,Békéscsaba, 2024-04-22 16:02,AlexRealYT
6528862,univerzális laptoptöltő,https://hardverapro.hu/apro/univerzalis_laptoptolto_4/hsz_1-50.html,3 500 Ft,Szeged, 2024-04-22 15:24,Scarabeus001
6544892,Lenovo T470 i7 laptop,https://hardverapro.hu/apro/lenovo_t470_i7_laptop/hsz_1-50.html,90 000 Ft,Pilis, 2024-05-06 00:48,Attila_26
6544661,Spirit of Gamer Airblade 600 eladó!,https://hardverapro.hu/apro/spirit_of_gamer_airblade_600_elado/hsz_1-50.html,3 500 Ft,Székesfehérvár, 2024-05-05 19:13,HypeeeR
6544653,"Acer Aspire E15 15,6 WIN10 laptop eladó",https://hardverapro.hu/apro/acer_aspire_e15_15_6_win10_laptop_elado/hsz_1-50.html,20 000 Ft,"Budapest, ...", 2024-05-05 19:10,Bewy
6541038,Lenovo Legion Y540-15IRH-PG0,https://hardverapro.hu/apro/lenovo_legion_y540-15irh-pg0/hsz_1-50.html,130 000 Ft,Kecskemét, 2024-05-02 17:17,matekuti
6530698,Lenovo ThinkPad X280 A285 X390 X395 L13 világítós billentyűzet angol fekete 01YP225,https://hardverapro.hu/apro/lenovo_thinkpad_x280_a285_x390_x395_l13_vilagitos/hsz_1-50.html,12 000 Ft,XIII. kerület, 2024-04-23 21:29,alexand77
6531049,Lenovo X220 laptop + dokkoló eladó!,https://hardverapro.hu/apro/lenovo_x220_elado_3/hsz_1-50.html,30 000 Ft,Budapest, 2024-04-24 10:06,zorzy4
6544894,Huawei Matebook D15,https://hardverapro.hu/apro/huawei_matebook_d15_oajx/hsz_1-50.html,110 000 Ft,Pilis, 2024-05-06 00:52,Attila_26
6412286,Toshiba Satellite C660D-107 laptop - javított,https://hardverapro.hu/apro/toshiba_satellite_c660d-107_laptop_javitott/hsz_1-50.html,12 000 Ft,"Dombóvár, ...", 2024-01-28 11:08,sarobee80
6480234,"Dell Precision 7740 Xeon E-2286M 16GB 512GB Nvidia Quadro RTX 5000 16GB 4K 17""",https://hardverapro.hu/apro/dell_precision_7740_xeon_e-2286m_16gb_512gb_nvidia/hsz_1-50.html,439 990 Ft,"Budapest, ...", 2024-03-15 16:18,Malák
6545459,Eladó HP Zbook 15 G6 Workstation laptopom ! Olvasd el kérlek !,https://hardverapro.hu/apro/elado_hp_zbook_15_g6_workstation_laptopom_olvasd_e/hsz_1-50.html,250 000 Ft,"Debrecen, ...", 2024-05-06 13:52,cserebere11
6545244,Hp Elitebook 8470 p hibás laptop billentyűzet,https://hardverapro.hu/apro/hp_elitebook_8470_p_hibas_laptop_billentyuzet/hsz_1-50.html,2 000 Ft,XIX. kerület, 2024-05-06 11:41,BozsóGábor
6545192,Hp probook 4510 s laptop billentyűzet,https://hardverapro.hu/apro/hp_probook_4510_s_billentyuzet/hsz_1-50.html,5 000 Ft,XIX. kerület, 2024-05-06 11:01,BozsóGábor
6545110,"HP 255 G8, RYZEN 5 15.6""FHD-IPS,16Gb DDR4,512 NVMe",https://hardverapro.hu/apro/hp_255_g8_ryzen_5_15_6_fhd-ips_16gb_ddr4_512_nvme/hsz_1-50.html,110 000 Ft,XIX. kerület, 2024-05-06 10:11,Losti
